input,name,quantity,unit,size,preparation,comment,purpose
"93% lean ground beef, raw",93% lean ground beef,,,,raw,,
"90% lean ground beef, raw",90% lean ground beef,,,,raw,,
"93%-lean ground beef, raw",93%-lean ground beef,,,,raw,,
"90%-lean ground beef, raw",90%-lean ground beef,,,,raw,,
"93% lean ground turkey, raw",93% lean ground turkey,,,,raw,,
"1 lb 85/15 ground beef, raw",85 15 ground beef,1,lb,,raw,,
"1 lb 80/20 ground beef, raw",80 20 ground beef,1,lb,,raw,,
"1 lb 90/10 ground beef, raw",90 10 ground beef,1,lb,,raw,,
"1 lb 73/27 ground beef, raw",73 27 ground beef,1,lb,,raw,,
"1 lb 93/7 ground turkey, raw",93 7 ground turkey,1,lb,,raw,,
"1 lb 80/20 ground pork, raw",80 20 ground pork,1,lb,,raw,,
"1 lb 75/25 ground pork, raw",75 25 ground pork,1,lb,,raw,,
"1 lb 80/20 ground lamb, raw",80 20 ground lamb,1,lb,,raw,,
"1 lb ground beef, raw",ground beef,1,lb,,raw,,
"1 lb ground turkey, raw",ground turkey,1,lb,,raw,,
"1 lb ground lamb, raw",ground lamb,1,lb,,raw,,
"8 oz salmon fillet, raw",salmon fillet,8,oz,,raw,,
"8 oz chicken breast, raw",chicken breast,8,oz,,raw,,
"1 lb shrimp, raw, peeled",shrimp,1,lb,,raw peeled,,
"1 cup raw shrimp, peeled",raw shrimp,1,cup,,peeled,,
93% lean ground beef raw,93% lean ground beef,,,,raw,,
93%-lean ground beef raw,93%-lean ground beef,,,,raw,,
1 lb 85/15 ground beef raw,85 15 ground beef,1,lb,,raw,,
1 lb 80/20 ground beef raw,80 20 ground beef,1,lb,,raw,,
4 oz lean ground beef raw,lean ground beef,4,oz,,raw,,
1 lb ground turkey raw,ground turkey,1,lb,,raw,,
1 lb ground lamb raw,ground lamb,1,lb,,raw,,
8 oz salmon raw,salmon,8,oz,,raw,,
3 tablespoons medium-roast coffee beans,medium-roast coffee beans,3,tablespoon,,,,
20 medium roast coffee beans,medium roast coffee beans,20,,,,,
15 medium-roast coffee beans,medium-roast coffee beans,15,,,,,
100 g medium roast coffee beans,medium roast coffee beans,100,g,,,,
250 ml medium dry sherry,medium dry sherry,250,ml,,,,
3 medium ripe pitted apricots,medium ripe pitted apricots,3,,,,,
"2 medium ripe deseeded tomatoes, chopped",medium ripe tomatoes,2,,,deseeded chopped,,
1-2 medium ripe tomatoes,medium ripe tomatoes,1-2,,,,,
2 yellow or black medium ripe plantains,yellow or black medium ripe plantains,2,,,,,
"3 medium spicy chilies, seeds removed",medium spicy chilies,3,,,seeds removed,,
1 glass medium dry white wine,medium dry white wine,1,glass,,,,
1 pint medium dry apple or pear cider,medium dry apple or pear cider,1,pint,,,,
1/2 pint medium dry cider,medium dry cider,#1$2,pint,,,,
2 tbsp medium dry sherry,medium dry sherry,2,tbsp,,,,
1 tsp medium strength curry powder,medium strength curry powder,1,tsp,,,,
1 tsp medium strength Thai curry paste,medium strength Thai curry paste,1,tsp,,,,
2 tbsp medium strength curry paste,medium strength curry paste,2,tbsp,,,,
2 medium spicy green chillis,medium spicy green chillis,2,,,,,
25 g medium spicy Indian chili powder,medium spicy Indian chili powder,25,g,,,,
2 medium firm Hass avocados,medium firm Hass avocados,2,,,,,
4 medium firm tomatoes,medium firm tomatoes,4,,,,,
3 tablespoons ground medium roast coffee beans,medium roast coffee beans,3,tablespoon,,ground,,
200 g medium roast coffee beans,medium roast coffee beans,200,g,,,,
1 cup medium roast coffee beans,medium roast coffee beans,1,cup,,,,
"500 g 85/15 minced beef, raw",85 15 minced beef,500,g,,raw,,
"1 kg 80/20 minced beef, raw",80 20 minced beef,1,kg,,raw,,
"250 g 90/10 minced beef, raw",90 10 minced beef,250,g,,raw,,
"1.5 kg 73/27 minced beef, raw",73 27 minced beef,1.5,kg,,raw,,
"400 g 93/7 minced turkey, raw",93 7 minced turkey,400,g,,raw,,
"100 g 80/20 minced pork, raw",80 20 minced pork,100,g,,raw,,
"500 g 75/25 minced pork, raw",75 25 minced pork,500,g,,raw,,
"250 g 80/20 minced lamb, raw",80 20 minced lamb,250,g,,raw,,
"1 kg minced beef, raw",minced beef,1,kg,,raw,,
"2 kg minced turkey, raw",minced turkey,2,kg,,raw,,
"750 g minced lamb, raw",minced lamb,750,g,,raw,,
"3 salmon fillet, raw",salmon fillet,3,,,raw,,
"250 g chicken breast, raw",chicken breast,250,g,,raw,,
"100 g shrimp, raw, peeled",shrimp,100,g,,raw peeled,,
93% lean minced beef raw,93% lean minced beef raw,,,,,,
93%-lean minced beef raw,93%-lean minced beef raw,,,,,,
125 g 85/15 minced beef raw,85 15 minced beef,125,g,,raw,,
0.5 kg 80/20 minced beef raw,80 20 minced beef,0.5,kg,,raw,,
625 g lean minced beef raw,lean minced beef raw,625,g,,,,
1 dessert spoon Sichuan peppercorns,Sichuan peppercorns,1,dessert spoon,,,,
3 dessert spoons raspberry-flavored liqueur,raspberry-flavored liqueur,3,dessert spoons,,,,
"6 dessert spoons extra virgin olive oil, more to taste",extra virgin olive oil,6,dessert spoons,,,more to taste,
"1 dessert spoon finely chopped red onion, divided",red onion,1,dessert spoon,,finely chopped divided,,
2 dessert spoons chopped thyme,thyme,2,dessert spoons,,chopped,,
2 dessert spoons capers,capers,2,dessert spoons,,,,
"10 dessert spoons sweet butter, at room temperature",sweet butter,10,dessert spoons,,at room temperature,,
4 dessert spoons chopped cilantro,cilantro,4,dessert spoons,,chopped,,
"2 dessert spoons olive oil, plus more if needed",olive oil,2,dessert spoons,,,plus more if needed,
"1 dessert spoon Dry-roasted, unsalted peanuts",Dry-roasted unsalted peanuts,1,dessert spoon,,,,
1 cup plus 1 dessert spoon sugar,sugar,1 1,cup dessert spoon,,,plus,
"2 dessert spoons peeled, grated ginger",ginger,2,dessert spoons,,peeled grated,,
2 dessert spoons olive oil (optional),olive oil,2,dessert spoons,,,optional,
3 dessert spoons all-purpose flour,all-purpose flour,3,dessert spoons,,,,
¾ cup plus 2 dessert spoons granulated sugar,granulated sugar,#3$4 2,cup dessert spoons,,,plus,
1 dessert spoon red-pepper flakes,red-pepper flakes,1,dessert spoon,,,,
3 dessert spoons fresh lemon or lime juice,fresh lemon or lime juice,3,dessert spoons,,,,
2 dessert spoons chopped parsley,parsley,2,dessert spoons,,chopped,,
"3 dessert spoons capers in salt, well rinsed and minced",capers in salt,3,dessert spoons,,well rinsed and minced,,
2 dessert spoons toasted sunflower seeds,sunflower seeds,2,dessert spoons,,toasted,,
1 ½ dessert spoons Pure Magic dry rub,Pure Magic dry rub,1#1$2,dessert spoons,,,,
4 dessert spoons water or chicken broth,water or chicken broth,4,dessert spoons,,,,
"3 dessert spoons butter, optional",butter,3,dessert spoons,,,optional,
3 dessert spoons extra virgin olive oil,extra virgin olive oil,3,dessert spoons,,,,
2 2/3 dessert spoons softened butter,butter,2#2$3,dessert spoons,,softened,,
1 1/2 dessert spoons sugar,sugar,1#1$2,dessert spoons,,,,
1 dessert spoon light rum or ½ teaspoon rum flavoring,light rum,1,dessert spoon,,,or #1$2 teaspoon rum flavoring,
1 cup plus 2 dessert spoons whole blanched almonds,whole blanched almonds,1 2,cup dessert spoons,,,plus,
1 dessert spoon soy sauce,soy sauce,1,dessert spoon,,,,
3 dessert spoons Japanese soy sauce,Japanese soy sauce,3,dessert spoons,,,,
2 dessert spoons plus 1 teaspoon balsamic vinegar,balsamic vinegar,2 1,dessert spoons teaspoon,,,plus,
"4 dessert spoons unsalted butter, at room temperature",unsalted butter,4,dessert spoons,,at room temperature,,
3 dessert spoons cooking oil,cooking oil,3,dessert spoons,,,,
3 dessert spoons fresh lemon juice,fresh lemon juice,3,dessert spoons,,,,
2 dessert spoons finely chopped parsley,parsley,2,dessert spoons,,finely chopped,,
3 dessertspoons (1/2 6-ounce can) tomato paste,tomato paste,3 #1$2 6,dessertspoon ounce can,,,,
"6 dessertspoons unsalted butter, cut into 1/2-inch pieces",unsalted butter,6,dessertspoon,,cut into #1$2 inch piece,,
5 dessertspoons Worcestershire sauce,Worcestershire sauce,5,dessertspoon,,,,
"10 dessertspoons chilled unsalted butter, cut into pieces",unsalted butter,10,dessertspoon,,chilled cut into piece,,
1 dessertspoon sliced pimento-stuffed green olives,pimento-stuffed green olives,1,dessertspoon,,sliced,,
1 dessertspoon Dijon-style mustard,Dijon-style mustard,1,dessertspoon,,,,
"14 g/½ oz/1 dessertspoon lard, chilled",lard,14 #1$2 1,g oz dessertspoon,,chilled,,
3 dessertspoons crumbled goat cheese,goat cheese,3,dessertspoon,,crumbled,,
2 1/2 dessertspoons grated Parmesan cheese,Parmesan cheese,2#1$2,dessertspoon,,grated,,
"4 dessertspoons neutral oil, like grapeseed or corn",neutral oil,4,dessertspoon,,,like grapeseed or corn,
3 dessertspoons black soy sauce,black soy sauce,3,dessertspoon,,,,
1 dessertspoon shredded fresh ginger (use the large holes on a box grater),fresh ginger,1,dessertspoon,,shredded,use the large holes on a box grater,
2 dessertspoons shaved chocolate for garnish,chocolate,2,dessertspoon,,shaved,,for garnish
¼ c plus 2 dessertspoons grated Pecorino Romano,Pecorino Romano,#1$4 2,c dessertspoon,,grated,plus,
6 dessertspoons fino sherry,fino sherry,6,dessertspoon,,,,
1 to 2 T lemon juice,lemon juice,1-2,T,,,,
2 T minced parsley and/or chives and chervil,parsley and/or chives and chervil,2,T,,minced,,
2 T cold butter,cold butter,2,T,,,,
"2 T port, Madeira, or cognac",port Madeira or cognac,2,T,,,,
4 T butter,butter,4,T,,,,
4 T light olive oil or salad oil,light olive oil or salad oil,4,T,,,,
2 T fresh minced tarragon or parsley,fresh tarragon or parsley,2,T,,minced,,
4 T clarified butter,clarified butter,4,T,,,,
2 T minced parsley,parsley,2,T,,minced,,
6 T butter,butter,6,T,,,,
2 T minced shallots or green onions,shallots or green onions,2,T,,minced,,
2 T finely minced shallots or green onions,shallots or green onions,2,T,,finely minced,,
3 T dark rum,dark rum,3,T,,,,
1 T oil,oil,1,T,,,,
3 T butter,butter,3,T,,,,
2 T butter,butter,2,T,,,,
"4 T whipping cream, light cream, or milk",whipping cream light cream or milk,4,T,,,,
4 T flour,flour,4,T,,,,
1 T butter,butter,1,T,,,,
2 T butter cut into 6 pieces,butter,2,T,,cut into 6 piece,,
